city_id,canton,province_id,provincia
1,BANOS,1,Azuay
2,"BAÑOS CUENCA",1,Azuay
3,"CAMILO PONCE ENRIQUEZ",1,Azuay
4,CHAULLABAMBA,1,Azuay
5,"CHECA (JIDCAY)",1,Azuay
6,CHIQUINTAD,1,Azuay
7,CHORDELEG,1,Azuay
8,CUENCA,1,Azuay
9,CUMBE,1,Azuay
10,"EL PAN",1,Azuay
11,FIRMA,1,Azuay
12,GIRON,1,Azuay
13,GUACHAPALA,1,Azuay
14,GUALACEO,1,Azuay
15,"LA UNION (AZUAY)",1,Azuay
16,LLACAO,1,Azuay
17,NABON,1,Azuay
18,NULTI,1,Azuay
19,ONA,1,Azuay
20,PACCHA,1,Azuay
21,PAUTE,1,Azuay
22,"PONCE ENRIQUEZ",1,Azuay
23,PUCARA,1,Azuay
24,RICAURTE,1,Azuay
25,"RICAURTE CUENCA",1,Azuay
26,"SAN FERNANDO",1,Azuay
27,"SAN JOAQUÍN",1,Azuay
28,"SAN JUAN CUENCA",1,Azuay
29,"SANTA ISABEL",1,Azuay
30,SAYAUSI,1,Azuay
31,SAYUASI,1,Azuay
32,"SEVILLA DE ORO",1,Azuay
33,SIDCAY,1,Azuay
34,"SIG SIG",1,Azuay
35,SIGSIG,1,Azuay
36,"SIMÓN BOLÍVAR (CAB. EN GAÑANZOL)",1,Azuay
37,SININCAY,1,Azuay
38,SOSUDEL,1,Azuay
39,TARQUI,1,Azuay
40,"TARQUI (AZUAY)",1,Azuay
41,"TARQUI CUENCA",1,Azuay
42,TOMEBAMBA,1,Azuay
43,TURI,1,Azuay
44,"VICTORIA DEL PORTETE (IRQUIS)",1,Azuay
45,YUNGUILLA,1,Azuay
46,"ZHAGLLI (SHAGLLI)",1,Azuay
47,"ZONA FRANCA",1,Azuay
48,"1ERO DE MAYO",2,Bolívar
49,"4 ESQUINAS",2,Bolívar
50,ASUNCION,2,Bolívar
51,BALZAPAMBA,2,Bolívar
52,CALUMA,2,Bolívar
53,CHILLANES,2,Bolívar
54,CHIMBO,2,Bolívar
55,ECHANDIA,2,Bolívar
56,ECHEANDIA,2,Bolívar
57,GUARANDA,2,Bolívar
58,"LA MAGDALENA",2,Bolívar
59,"LAS NAVES",2,Bolívar
60,"PISAGUA ALTO",2,Bolívar
61,"PISAGUA BAJO",2,Bolívar
62,"RECINTO 24 DE MAYO",2,Bolívar
63,"RECINTO EL PALMAR",2,Bolívar
64,"RECINTO LA MARITZA",2,Bolívar
65,"SALINAS (BOLIVAR)",2,Bolívar
66,"SALINAS DE GUARANDA",2,Bolívar
67,"SAN JOSE DE CHIMBO",2,Bolívar
68,"SAN LORENZO",2,Bolívar
69,"SAN MIGUEL DE BOLIVAR",2,Bolívar
70,"SAN PABLO DE ATENAS",2,Bolívar
71,"SAN PEDRO DE GUANUJO",2,Bolívar
72,"SAN SEBASTIÁN",2,Bolívar
73,"SAN SIMON",2,Bolívar
74,"SANTA FE",2,Bolívar
75,VINCHOA,2,Bolívar
76,AZOGUES,3,Cañar
77,BIBLIAN,3,Cañar
78,CANAR,3,Cañar
79,CAÑAR,3,Cañar
80,COCHANCAY,3,Cañar
81,COJITAMBO,3,Cañar
82,DELEG,3,Cañar
83,DUCUR,3,Cañar
84,"EL TAMBO",3,Cañar
85,GUAPAN,3,Cañar
86,INGAPIRCA,3,Cañar
87,"JAVIER LOYOLA",3,Cañar
88,"LA PUNTILLA",3,Cañar
89,"LA TRONCAL",3,Cañar
90,"LUIS CORDERO",3,Cañar
91,"MANUEL J. CALLE",3,Cañar
92,"SAN FRANCISCO",3,Cañar
93,"SAN MIGUEL",3,Cañar
94,SUSCAL,3,Cañar
95,TAMBO,3,Cañar
96,"VOLUNTAD DE DIOS",3,Cañar
97,BOLIVAR,4,Carchi
98,"CHITAN DE NAVARRETES",4,Carchi
99,"CRISTOBAL COLON",4,Carchi
100,CUESACA,4,Carchi
101,"EL ANGEL",4,Carchi
102,"GARCIA MORENO",4,Carchi
103,HUACA,4,Carchi
104,"JULIO ANDRADE",4,Carchi
105,"LA PAZ",4,Carchi
106,MIRA,4,Carchi
107,PIOTER,4,Carchi
108,"SAN GABRIEL",4,Carchi
109,"SAN ISIDRO (CARCHI SAN GA",4,Carchi
110,SANDIAL,4,Carchi
111,"SANTA MARTHA DE CUBA",4,Carchi
112,TULCAN,4,Carchi
113,ALAUSI,5,Chimborazo
114,CAJABAMBA,5,Chimborazo
115,CHAMBO,5,Chimborazo
116,CHUNCHI,5,Chimborazo
117,COLTA,5,Chimborazo
118,CUMANDA,5,Chimborazo
119,"CUMANDA CHIMBORAZO",5,Chimborazo
120,FLORES,5,Chimborazo
121,GUAMOTE,5,Chimborazo
122,GUANO,5,Chimborazo
123,ILAPO,5,Chimborazo
124,LICAN,5,Chimborazo
125,LICTO,5,Chimborazo
126,PALLATANGA,5,Chimborazo
127,PENIPE,5,Chimborazo
128,PUNIN,5,Chimborazo
129,RIOBAMBA,5,Chimborazo
130,"SAN ANDRES",5,Chimborazo
131,"SAN JUAN",5,Chimborazo
132,"SAN LUIS (CHIMBORAZO)",5,Chimborazo
133,YARUQUIES,5,Chimborazo
134,ALAQUES,6,Cotopaxi
135,ANCHILIVI,6,Cotopaxi
136,"BELISARIO QUEVEDO",6,Cotopaxi
137,CHIPUALO,6,Cotopaxi
138,"EL CORAZON",6,Cotopaxi
139,GUAYTACAMA,6,Cotopaxi
140,"LA MANA",6,Cotopaxi
141,"LA VICTORIA",6,Cotopaxi
142,LASSO,6,Cotopaxi
143,LATACUNGA,6,Cotopaxi
144,MORASPUNGO,6,Cotopaxi
145,MULALAO,6,Cotopaxi
146,MULALILLO,6,Cotopaxi
147,MULALO,6,Cotopaxi
148,MULLIQUINDIL,6,Cotopaxi
149,"ONCE DE NOVIEMBRE",6,Cotopaxi
150,PANGUA,6,Cotopaxi
151,PANZALEO,6,Cotopaxi
152,PASTOCALLE,6,Cotopaxi
153,PATAIN,6,Cotopaxi
154,POALO,6,Cotopaxi
155,PUJILI,6,Cotopaxi
156,RUMIPAMBA,6,Cotopaxi
157,SALCEDO,6,Cotopaxi
158,"SAN BUENAVENTURA BELLAVISTA.",6,Cotopaxi
159,"SAN MARCOS",6,Cotopaxi
160,"SAN MIGUEL DE SALCEDO",6,Cotopaxi
161,"SANTA ANA (COTOPAXI)",6,Cotopaxi
162,SAQUISILI,6,Cotopaxi
163,SIGCHOS,6,Cotopaxi
164,TANICUCHCHI,6,Cotopaxi
165,TANICUCHI,6,Cotopaxi
166,TOACASO,6,Cotopaxi
167,YANAYACU,6,Cotopaxi
168,ZUMBAHUA,6,Cotopaxi
169,"3 CERRITOS (PASAJE)",7,"El Oro"
170,ARENILLAS,7,"El Oro"
171,"BAJO ALTO",7,"El Oro"
172,BALSAS,7,"El Oro"
173,BARBONES,7,"El Oro"
174,BELLAMARIA,7,"El Oro"
175,BELLAVISTA,7,"El Oro"
176,"BUENA VISTA",7,"El Oro"
177,"CANA QUEMADA",7,"El Oro"
178,"EL CAMBIO",7,"El Oro"
179,"EL GUABO",7,"El Oro"
180,"EL PACHE",7,"El Oro"
181,"EL PORTON",7,"El Oro"
182,"EL RETIRO",7,"El Oro"
183,HUAQUILLAS,7,"El Oro"
184,"LA AVANZADA",7,"El Oro"
185,"LA IBERIA",7,"El Oro"
186,"LA PEANA",7,"El Oro"
187,"LA PEAÑA",7,"El Oro"
188,"LA VICTORIA",7,"El Oro"
189,"LOMA DE FRANCO",7,"El Oro"
190,LOURDES,7,"El Oro"
191,MACHALA,7,"El Oro"
192,MARCABELI,7,"El Oro"
193,PACCHA,7,"El Oro"
194,PASAJE,7,"El Oro"
195,PINAS,7,"El Oro"
196,PIÑAS,7,"El Oro"
197,PORTOVELO,7,"El Oro"
198,"PUERTO BOLIVAR",7,"El Oro"
199,"PUERTO HUALTACO",7,"El Oro"
200,"PUERTO JELI",7,"El Oro"
201,"RIO BONITO",7,"El Oro"
202,"SAN JOSE",7,"El Oro"
203,"SAN VICENTE DEL JOBO",7,"El Oro"
204,"SANTA ROSA",7,"El Oro"
205,"SANTA ROSA (EL ORO)",7,"El Oro"
206,SHUMIRAL,7,"El Oro"
207,TORATA,7,"El Oro"
208,VEITORIA,7,"El Oro"
209,ZARUMA,7,"El Oro"
210,ATACAMES,8,Esmeraldas
211,BORBON,8,Esmeraldas
212,ESMERALDAS,8,Esmeraldas
213,"LA CONCORDIA",8,Esmeraldas
214,"LA INDEPENDENCIA",8,Esmeraldas
215,"LA UNION",8,Esmeraldas
216,"LA UNION (QUININDE)",8,Esmeraldas
217,"LA VILLEGAS",8,Esmeraldas
218,"LA Y DE CALDERON",8,Esmeraldas
219,LAGARTO,8,Esmeraldas
220,"LAS PENAS",8,Esmeraldas
221,MONTERREY,8,Esmeraldas
222,MUISNE,8,Esmeraldas
223,QUININDE,8,Esmeraldas
224,"RIO VERDE",8,Esmeraldas
225,"ROSA ZARATE (QUININDE)",8,Esmeraldas
226,SAME,8,Esmeraldas
227,"SAN LORENZO",8,Esmeraldas
228,"SAN MATEO",8,Esmeraldas
229,SUA,8,Esmeraldas
230,TABIAZO,8,Esmeraldas
231,TACHINA,8,Esmeraldas
232,TONCHIGUE,8,Esmeraldas
233,TONSUPA,8,Esmeraldas
234,VICHE,8,Esmeraldas
235,"VUELTA LARGA",8,Esmeraldas
238,"PUERTO BAQUERIZO MORENO",9,Galapagos
237,"SAN CRISTOBAL",9,Galapagos
236,"SANTA CRUZ",9,Galapagos
239,"3 POSTES",10,Guayas
240,"5 DE JUNIO (MILAGRO)",10,Guayas
241,"ALFREDO BAQUERIZO MORENO",10,Guayas
242,BALAO,10,Guayas
243,"BALAO CHICO",10,Guayas
244,BALZAR,10,Guayas
245,"BASE TAURA",10,Guayas
246,"BOCA DE CAÑA",10,Guayas
247,BOLICHE,10,Guayas
248,BUCAY,10,Guayas
249,CERECITA,10,Guayas
250,CHIVERIA,10,Guayas
251,CHOBO,10,Guayas
252,CHONGON,10,Guayas
253,CHURUTE,10,Guayas
254,"CIEN FAMILIA",10,Guayas
255,COLIMES,10,Guayas
256,COLORADAL,10,Guayas
257,CUMANDA,10,Guayas
258,"CUMANDA MILAGRO",10,Guayas
259,"DATA DE PLAYAS",10,Guayas
260,DAULE,10,Guayas
261,DURAN,10,Guayas
262,"EL DESEO",10,Guayas
263,"EL EMPALME",10,Guayas
264,"EL MORRO",10,Guayas
265,"EL NATO",10,Guayas
266,"EL ROSARIO",10,Guayas
267,"EL TRIUNFO",10,Guayas
268,"ELOY ALFARO DURÁN",10,Guayas
269,ENGABAO,10,Guayas
270,"GENERAL ANTONIO ELIZALDE",10,Guayas
271,"GENERAL VERNAZA",10,Guayas
272,"GENERAL VILLAMIL (PLAYAS)",10,Guayas
273,"GRAL VILLAMIL",10,Guayas
274,GUAYAQUIL,10,Guayas
275,"INGENIO SAN CARLOS",10,Guayas
276,"ISIDRO AYORA",10,Guayas
277,"JESUS MARIA",10,Guayas
278,JUJAN,10,Guayas
279,JUNQUILLAL,10,Guayas
280,"KM 26 VIA DURAN TAMBO",10,Guayas
281,"KM 26 VIRGEN DE FÁTIMA",10,Guayas
282,"KM. 26",10,Guayas
283,"LA MARAVILLA",10,Guayas
284,"LA PUNTILLA",10,Guayas
285,"LA T DE SALITRE",10,Guayas
286,"LA TOMA",10,Guayas
287,"LA TRONCAL",10,Guayas
288,"LA VICTORIA",10,Guayas
289,"LAS ANIMAS",10,Guayas
290,"LAS MERCEDES (NARANJAL)",10,Guayas
291,LAUREL,10,Guayas
292,LIMONAL,10,Guayas
293,"LOMAS DE SARGENTILLO",10,Guayas
294,"LORENZO DE GARAICOA",10,Guayas
295,"LOS TINTOS",10,Guayas
296,"MANUEL J CALLE",10,Guayas
297,"MANUEL J. CALLE",10,Guayas
298,"MARCELINO MARIDUEÑA",10,Guayas
299,"MARISCAL SUCRE",10,Guayas
300,"MATILDE ESTHER",10,Guayas
301,MILAGRO,10,Guayas
302,NARANJAL,10,Guayas
303,NARANJITO,10,Guayas
304,NOBOL,10,Guayas
305,"NUEVA UNION (NARANJAL)",10,Guayas
306,PALESTINA,10,Guayas
307,PASCUALES,10,Guayas
308,"PEDRO CARBO",10,Guayas
309,PETRILLO,10,Guayas
310,PLAYAS,10,Guayas
311,POSORJA,10,Guayas
312,PROGRESO,10,Guayas
313,"PUENTE LUCIA",10,Guayas
314,"PUERTO DEL ENGABAO",10,Guayas
315,"PUERTO INCA",10,Guayas
316,"ROBERTO ASTUDILLO",10,Guayas
317,"ROBERTO ASTUDILLO (CAB. EN CRUCE DE VENECIA)",10,Guayas
318,SABANILLA,10,Guayas
319,"SABANILLA (PEDRO CARBO)",10,Guayas
320,SALITRE,10,Guayas
321,SAMBORONDON,10,Guayas
322,"SAMBORONDON (PUEBLO)",10,Guayas
323,"SAN ANTONIO (PLAYAS)",10,Guayas
324,"SAN CARLOS (BALAO)",10,Guayas
325,"SAN ISIDRO (GUAYAS)",10,Guayas
326,"SAN JACINTO DE YAGUACHI",10,Guayas
327,"SAN LORENZO",10,Guayas
328,"SANTA LUCIA",10,Guayas
329,"SANTA RITA (BALAO)",10,Guayas
330,"SIMON BOLIVAR",10,Guayas
331,TARIFA,10,Guayas
332,TAURA,10,Guayas
333,TENGUEL,10,Guayas
334,"TRES POSTES",10,Guayas
335,"URBINA JADO - SALITRE",10,Guayas
336,"VELASCO IBARRA (EL EMPALME)",10,Guayas
337,"VILLA NUEVA",10,Guayas
338,"VIRGEN DE FÁTIMA KM 26",10,Guayas
339,YAGUACHI,10,Guayas
340,ADUANA,11,Imbabura
341,ALPACHACA,11,Imbabura
342,"ANDRADE MARIN",11,Imbabura
343,"ANTONIO ANTE",11,Imbabura
344,ATUNTAQUI,11,Imbabura
345,CARANQUI,11,Imbabura
346,CHALTURA,11,Imbabura
347,CHORLAVI,11,Imbabura
348,COTACACHI,11,Imbabura
349,"EL OLIVO",11,Imbabura
350,"EL RETORNO",11,Imbabura
351,"EUGENIO ESPEJO (CALPAQUI)",11,Imbabura
352,"GONZALES SUÁREZ",11,Imbabura
353,"GONZALEZ SUAREZ",11,Imbabura
354,IBARRA,11,Imbabura
355,IMANTAG,11,Imbabura
356,"IMBAYA (SAN LUIS DE COBUENDO)",11,Imbabura
357,"LA ESPERANZA",11,Imbabura
358,NATABUELA,11,Imbabura
359,OTAVALO,11,Imbabura
360,PEGUCHE,11,Imbabura
361,PERUGACHI,11,Imbabura
362,PIMAMPIRO,11,Imbabura
363,PINSAQUI,11,Imbabura
364,PRIORATO,11,Imbabura
365,"PUERTO LAGO",11,Imbabura
366,QUIROGA,11,Imbabura
367,"QUIROGA OTAVALO",11,Imbabura
368,"SAN ANTONIO DE IBARRA",11,Imbabura
369,"SAN ANTONIO IBARRA",11,Imbabura
370,"SAN BLAS",11,Imbabura
371,"SAN JOSE",11,Imbabura
372,"SAN JUAN DE ILUMAN",11,Imbabura
373,"SAN LUIS",11,Imbabura
374,"SAN LUIS (IMBABURA)",11,Imbabura
375,"SAN MIGUEL DE IBARRA",11,Imbabura
376,"SAN PABLO DEL LAGO",11,Imbabura
377,"SAN PABLO IMBABURA",11,Imbabura
378,"SAN RAFAEL",11,Imbabura
379,"SAN ROQUE",11,Imbabura
380,"SANTA BERTHA",11,Imbabura
381,"SANTO DOMINGO IMBABURA",11,Imbabura
382,"TIERRA BLANCA",11,Imbabura
383,TUMBABIRO,11,Imbabura
384,URCUQUI,11,Imbabura
385,YACHAY,11,Imbabura
386,YAGUARCOCHA,11,Imbabura
387,ALAMOR,12,Loja
388,ALGARROBILLO,12,Loja
389,AMALUZA,12,Loja
390,CALVAS,12,Loja
391,CARIAMANGA,12,Loja
392,CATACOCHA,12,Loja
393,CATAMAYO,12,Loja
394,CELICA,12,Loja
395,CHAGUARPAMBA,12,Loja
396,CRUZPAMBA,12,Loja
397,"EL EMPALME",12,Loja
398,"EL INGENIO",12,Loja
399,"EL LUCERO",12,Loja
400,GONZANAMA,12,Loja
401,"LA CEIBA",12,Loja
402,"LA TOMA",12,Loja
403,LOJA,12,Loja
404,MACARA,12,Loja
405,MALACATOS,12,Loja
406,"OLMEDO (LOJA)",12,Loja
407,PALTAS,12,Loja
408,PINDAL,12,Loja
409,POZUL,12,Loja
410,QUILANGA,12,Loja
411,"RIO PLAYAS",12,Loja
412,ROBLONES,12,Loja
413,SABANILLA,12,Loja
414,"SAN LUCAS",12,Loja
415,"SAN PEDRO DE LA BENDITA",12,Loja
416,"SAN PEDRO DE VILCABAMBA",12,Loja
417,"SAN SEBASTIAN",12,Loja
418,SANTIAGO,12,Loja
419,SARAGURO,12,Loja
420,SOZORANGA,12,Loja
421,SUCRE,12,Loja
422,VILCABAMBA,12,Loja
423,ZAPOTILLO,12,Loja
424,BABA,13,"Los Ríos"
425,BABAHOYO,13,"Los Ríos"
426,"BUENA FE",13,"Los Ríos"
427,CALUMA,13,"Los Ríos"
428,CARACOL,13,"Los Ríos"
429,CATARAMA,13,"Los Ríos"
430,ECHEANDIA,13,"Los Ríos"
431,"EL EMPALME",13,"Los Ríos"
432,"ENTRADA DE SAN JUAN",13,"Los Ríos"
433,"FEBRES CORDERO",13,"Los Ríos"
434,FUMISA,13,"Los Ríos"
435,GUARE,13,"Los Ríos"
436,"GUARE DE BABA",13,"Los Ríos"
437,HIDROLITORAL,13,"Los Ríos"
438,"ISLA BEJUCAL",13,"Los Ríos"
439,"ISLA DE BEJUCAL",13,"Los Ríos"
440,"LA 14 VIA EL PARAISO",13,"Los Ríos"
441,"LA ESMERALDA",13,"Los Ríos"
442,"LA ESPERANZA",13,"Los Ríos"
443,"LA JULIA",13,"Los Ríos"
444,"LA UNION (BABAHOYO)",13,"Los Ríos"
445,"LA UNION (QUEVEDO)",13,"Los Ríos"
446,"LA UNIÓN (VALENCIA)",13,"Los Ríos"
447,"LAS NAVES",13,"Los Ríos"
448,"LOS ANGELES",13,"Los Ríos"
449,"MATA DE CACAO",13,"Los Ríos"
450,MOCACHE,13,"Los Ríos"
451,MONTALVO,13,"Los Ríos"
452,"NUEVA UNION (LOS RIOS)",13,"Los Ríos"
453,PALENQUE,13,"Los Ríos"
454,PALMISA,13,"Los Ríos"
455,"PATRICIA PILAR",13,"Los Ríos"
456,PIMOCHA,13,"Los Ríos"
457,"PUEBLO NUEVO (LOS RIOS)",13,"Los Ríos"
458,"PUEBLO VIEJO",13,"Los Ríos"
459,QUEVEDO,13,"Los Ríos"
460,QUINSALOMA,13,"Los Ríos"
461,RICAURTE,13,"Los Ríos"
462,"RICAURTE LOS RIOS",13,"Los Ríos"
463,"SAN CAMILO",13,"Los Ríos"
464,"SAN CARLOS",13,"Los Ríos"
465,"SAN CARLOS (LOS RIOS)",13,"Los Ríos"
466,"SAN JACINTO DE BUENA FE",13,"Los Ríos"
467,"SAN JOSE DEL TAMBO",13,"Los Ríos"
468,"SAN JUAN",13,"Los Ríos"
469,"SAN JUAN BABAHOYO",13,"Los Ríos"
470,"SAN LUIS DE PAMBIL",13,"Los Ríos"
471,URDANETA,13,"Los Ríos"
472,VALENCIA,13,"Los Ríos"
473,VENTANAS,13,"Los Ríos"
474,VINCES,13,"Los Ríos"
475,"ZAPOTAL (LOS RIOS)",13,"Los Ríos"
476,ZULEMA,13,"Los Ríos"
477,"10 DE AGOSTO",14,Manabí
478,"24 DE MAYO",14,Manabí
479,"ABDON CALDERON",14,Manabí
480,ALAHUELA,14,Manabí
481,ALHAJUELA,14,Manabí
482,ARENALES,14,Manabí
483,"ATAHUALPA MANABI",14,Manabí
484,AYACUCHO,14,Manabí
485,BACHILLERO,14,Manabí
486,"BAHIA DE CARAQUEZ",14,Manabí
487,BELLAVISTA,14,Manabí
488,CALCETA,14,Manabí
489,"CALDERON (MANABI)",14,Manabí
490,"CALDERON DE PORTOVIEJO",14,Manabí
491,CANITAS,14,Manabí
492,CANOA,14,Manabí
493,CANUTO,14,Manabí
494,CASCOL,14,Manabí
495,CHARAPOTO,14,Manabí
496,CHEVE,14,Manabí
497,CHONE,14,Manabí
498,"CIUDAD ALFARO",14,Manabí
499,COAQUE,14,Manabí
500,COJIMIES,14,Manabí
501,COLON,14,Manabí
502,COLORADO,14,Manabí
503,CRUCITA,14,Manabí
504,"DON JUAN",14,Manabí
505,"EL CARMEN",14,Manabí
506,"EL MATAL",14,Manabí
507,"EL NARANJO",14,Manabí
508,"EL RODEO",14,Manabí
509,ESTANCILLA,14,Manabí
510,"FLAVIO ALFARO",14,Manabí
511,JAMA,14,Manabí
512,JARAMIJO,14,Manabí
513,JIPIJAPA,14,Manabí
514,JUNIN,14,Manabí
515,"LA CHORRERA",14,Manabí
516,"LA DELICIA KM. 29",14,Manabí
517,"LA ESTANCILLA",14,Manabí
518,"LA PILA",14,Manabí
519,"LA SEQUITA",14,Manabí
520,"LEONIDAS PLAZA",14,Manabí
521,LODANA,14,Manabí
522,"LOS BAJOS",14,Manabí
523,MACHALILLA,14,Manabí
524,MACHE,14,Manabí
525,MANTA,14,Manabí
526,MEJIA,14,Manabí
527,MONTECRISTI,14,Manabí
528,"NUEVO BRICENO",14,Manabí
529,"NUEVO ISRAEL",14,Manabí
530,OLMEDO,14,Manabí
531,"OLMEDO (MANABI)",14,Manabí
532,PAJAN,14,Manabí
533,PAVON,14,Manabí
534,PEDERNALES,14,Manabí
535,PICHINCHA,14,Manabí
536,"PICHINCHA MANABI",14,Manabí
537,"PICOAZA (DENTRO DEL PERIMETRO URBANO)",14,Manabí
538,"PLAYA PRIETA",14,Manabí
539,PORTOVIEJO,14,Manabí
540,"PUEBLO NUEVO",14,Manabí
541,"PUEBLO NUEVO (MANABI)",14,Manabí
542,"PUERTO CAYO",14,Manabí
543,"PUERTO LOPEZ",14,Manabí
544,"QUIROGA CHONE",14,Manabí
545,RESBALON,14,Manabí
546,RESVALON,14,Manabí
547,RICAURTE,14,Manabí
548,"RICAURTE MANABI",14,Manabí
549,"RIO CHICO",14,Manabí
550,"RIOCHICO (RIO CHICO)",14,Manabí
551,ROCAFUERTE,14,Manabí
552,"ROCAFUERTE MANTA",14,Manabí
553,"SAN ANTONIO (MANABI)",14,Manabí
554,"SAN ANTONIO DE CHONE",14,Manabí
555,"SAN CLEMENTE",14,Manabí
556,"SAN IGNACIO",14,Manabí
557,"SAN ISIDRO (BAHIA)",14,Manabí
558,"SAN JACINTO",14,Manabí
559,"SAN PEDRO DE SUMA",14,Manabí
560,"SAN PLACIDO",14,Manabí
561,"SAN VICENTE",14,Manabí
562,SANCAN,14,Manabí
563,"SANTA ANA",14,Manabí
564,"SANTA ANA (MANABI)",14,Manabí
565,SESME,14,Manabí
566,SOSOTE,14,Manabí
567,SUCRE,14,Manabí
568,"SUCRE BAHIA",14,Manabí
569,TARQUI,14,Manabí
570,"TARQUI MANABI",14,Manabí
571,TOSAGUA,14,Manabí
572,ZAPALLO,14,Manabí
573,ZULEMA,14,Manabí
574,"GENERAL PROAÑO",15,"Morona Santiago"
575,GUALAQUIZA,15,"Morona Santiago"
576,HUAMBOYA,15,"Morona Santiago"
577,"LIMON INDANZA",15,"Morona Santiago"
578,LOGRONO,15,"Morona Santiago"
579,MACAS,15,"Morona Santiago"
580,MENDEZ,15,"Morona Santiago"
581,"PABLO SEXTO",15,"Morona Santiago"
582,PALORA,15,"Morona Santiago"
583,"RÍO BLANCO",15,"Morona Santiago"
584,"SAN ISIDRO",15,"Morona Santiago"
585,"SEVILLA DON BOSCO",15,"Morona Santiago"
586,SUCUA,15,"Morona Santiago"
587,TIWINTZA,15,"Morona Santiago"
588,ARCHIDONA,16,Napo
589,"AROSEMENA TOLA",16,Napo
590,BAEZA,16,Napo
591,BORJA,16,Napo
592,"CARLOS JULIO AROSEMENA",16,Napo
593,"CARLOS JULIO AROSEMENA TOLA",16,Napo
594,COTUNDO,16,Napo
595,"EL CHACO",16,Napo
596,"GONZALO PIZARRO",16,Napo
597,LORETO,16,Napo
598,MISAHUALLI,16,Napo
599,"NUEVA ESPERANZA",16,Napo
600,PANO,16,Napo
601,"PTO. NAPO",16,Napo
602,"PUERTO MISAHUALLI",16,Napo
603,"PUERTO NAPO",16,Napo
604,"SAN PABLO DE USHPAYACU",16,Napo
605,TAZAYACU,16,Napo
606,TENA,16,Napo
607,"EL COCA",17,Orellana
608,ENOKANQUI,17,Orellana
609,"FRANCISCO DE ORELLANA",17,Orellana
610,"JOYA DE LOS SACHAS",17,Orellana
611,"LA JOYA DE LOS SACHAS",17,Orellana
612,"LAGO SAN PEDRO",17,Orellana
613,LORETO,17,Orellana
614,"SAN CARLOS",17,Orellana
615,"SAN SEBASTIAN DEL COCA",17,Orellana
616,"UNIÓN MILAGREÑA",17,Orellana
617,ARAJUNO,18,Pastaza
618,"DIEZ DE AGOSTO",18,Pastaza
619,FATIMA,18,Pastaza
620,MERA,18,Pastaza
621,PUYO,18,Pastaza
622,"SANTA CLARA",18,Pastaza
623,SHELL,18,Pastaza
624,"SHELL (EL PUYO)",18,Pastaza
625,ALANGASI,19,Pichincha
626,ALOAG,19,Pichincha
627,ALOASI,19,Pichincha
628,AMAGUANA,19,Pichincha
629,AMAGUAÑA,19,Pichincha
630,ASCAZUBI,19,Pichincha
631,AYORA,19,Pichincha
632,"AZCASUBI VIA AL QUINCHE",19,Pichincha
633,BANCOS,19,Pichincha
634,CALACALI,19,Pichincha
635,CALDERON,19,Pichincha
636,CAPELO,19,Pichincha
637,CARAPUNGO,19,Pichincha
638,CAYAMBE,19,Pichincha
639,CHECA,19,Pichincha
640,CONOCOTO,19,Pichincha
641,COTOGCHOA,19,Pichincha
642,CUMBAYA,19,Pichincha
643,CUSUBAMBA,19,Pichincha
644,CUTUGLAGUA,19,Pichincha
645,CUZUBAMBA,19,Pichincha
646,"EL CHAUPI",19,Pichincha
647,"EL QUINCHE",19,Pichincha
648,"EL TINGO",19,Pichincha
649,GUACHALA,19,Pichincha
650,GUANGOPOLO,19,Pichincha
651,GUAYLLABAMBA,19,Pichincha
652,ILALO,19,Pichincha
653,"JUAN MONTALVO",19,Pichincha
654,"LA ARMENIA",19,Pichincha
655,"LA ESPERANZA",19,Pichincha
656,"LA MERCED",19,Pichincha
657,"LA VALVINA",19,Pichincha
658,"LLANO CHICO",19,Pichincha
659,"LLANO GRANDE",19,Pichincha
660,MACHACHI,19,Pichincha
661,MARIANITAS,19,Pichincha
662,MEJÍA,19,Pichincha
663,MIRAVALLE,19,Pichincha
664,"MITAD DEL MUNDO",19,Pichincha
665,MONJAS,19,Pichincha
666,NANEGALITO,19,Pichincha
667,NAYÓN,19,Pichincha
668,NONO,19,Pichincha
669,OLMEDO,19,Pichincha
670,ORQUIDEAS,19,Pichincha
671,OTÓN,19,Pichincha
672,"PEDRO MONCAYO",19,Pichincha
673,"PEDRO V. MALDONADO",19,Pichincha
674,"PEDRO VICENTE M",19,Pichincha
675,PIFO,19,Pichincha
676,PINTAG,19,Pichincha
677,POMASQUI,19,Pichincha
678,PUEMBO,19,Pichincha
679,"PUERTO QUITO",19,Pichincha
680,PUSUQUI,19,Pichincha
681,QUINCHE,19,Pichincha
682,QUITO,19,Pichincha
684,RUMIÑAHUI,19,Pichincha
683,RUMIPAMBA,19,Pichincha
685,"SAN ANTONIO DE PICHINCHA",19,Pichincha
686,"SAN JOSE DE MORAN",19,Pichincha
687,"SAN JUAN DE CALDERON",19,Pichincha
688,"SAN MIGUEL DE LOS BANCOS",19,Pichincha
689,"SAN RAFAEL",19,Pichincha
690,SANGOLQUI,19,Pichincha
691,TABABELA,19,Pichincha
692,TABACUNDO,19,Pichincha
693,TAMBILLO,19,Pichincha
694,TANDAPI,19,Pichincha
695,TOCACHI,19,Pichincha
696,TUMBACO,19,Pichincha
697,TUPIGACHI,19,Pichincha
698,UYUMBICHO,19,Pichincha
699,"VALLE DE LOS CHILLOS",19,Pichincha
700,YARUQUI,19,Pichincha
701,ZAMBISA,19,Pichincha
702,ZAMBIZA,19,Pichincha
703,ANCON,20,"Santa Elena"
704,ANCONCITO,20,"Santa Elena"
705,ATAHUALPA,20,"Santa Elena"
706,AYANGUE,20,"Santa Elena"
707,BALLENITA,20,"Santa Elena"
708,BARCELONA,20,"Santa Elena"
709,CADEATE,20,"Santa Elena"
710,CAPAES,20,"Santa Elena"
711,CHANDUY,20,"Santa Elena"
712,COLONCHE,20,"Santa Elena"
713,CURIA,20,"Santa Elena"
714,"EL TAMBO",20,"Santa Elena"
715,"EL TAMBO SANTA ELENA",20,"Santa Elena"
716,"JAMBELI MONTEVERDE",20,"Santa Elena"
717,"JAMBELI MONTEVERDE (SANTA",20,"Santa Elena"
718,"LA ENTRADA",20,"Santa Elena"
719,"LA LIBERTAD",20,"Santa Elena"
720,"LIBERTADOR BOLIVAR",20,"Santa Elena"
721,MANGLARALTO,20,"Santa Elena"
722,"MAR BRAVO",20,"Santa Elena"
723,MONTAÑITA,20,"Santa Elena"
724,MONTEVERDE,20,"Santa Elena"
725,MUEY,20,"Santa Elena"
726,"MUEY GYE",20,"Santa Elena"
727,OLON,20,"Santa Elena"
728,OLONCITO,20,"Santa Elena"
729,PALMAR,20,"Santa Elena"
730,PROSPERIDAD,20,"Santa Elena"
731,"PUERTO SANTA ROSA",20,"Santa Elena"
732,"PUNTA BARANDUA",20,"Santa Elena"
733,"PUNTA BLANCA",20,"Santa Elena"
734,"PUNTA CARNERO",20,"Santa Elena"
735,"PUNTA CENTINELA",20,"Santa Elena"
736,SALINAS,20,"Santa Elena"
737,"SALINAS (SANTA ELENA)",20,"Santa Elena"
738,"SAN JOSE",20,"Santa Elena"
739,"SAN JOSE DE ANCON",20,"Santa Elena"
740,"SAN PABLO (SANTA ELENA)",20,"Santa Elena"
741,"SAN PABLO SANTA ELENA",20,"Santa Elena"
742,"SAN PEDRO",20,"Santa Elena"
743,"SANTA ELENA",20,"Santa Elena"
744,"SANTA ROSA (SANTA ELENA)",20,"Santa Elena"
745,"SANTA ROSA SANTA ELENA",20,"Santa Elena"
746,"SIMON BOLIVAR (JULIO MORENO)",20,"Santa Elena"
747,SINCHAL,20,"Santa Elena"
748,VALDIVIA,20,"Santa Elena"
749,"ABRAHAM CALAZACÓN",21,"Santo Domingo de los Tsáchilas"
750,ALLURIQUIN,21,"Santo Domingo de los Tsáchilas"
751,BOMBOLÍ,21,"Santo Domingo de los Tsáchilas"
752,CHIGUILPE,21,"Santo Domingo de los Tsáchilas"
753,"KM 14 QUEVEDO",21,"Santo Domingo de los Tsáchilas"
754,"KM 24 QUEVEDO",21,"Santo Domingo de los Tsáchilas"
755,"KM 38.5 QUEVEDO",21,"Santo Domingo de los Tsáchilas"
756,"KM 38.5 VIA QUEVEDO",21,"Santo Domingo de los Tsáchilas"
757,"KM 41 QUEVEDO",21,"Santo Domingo de los Tsáchilas"
758,"KM 41 VIA QUEVEDO",21,"Santo Domingo de los Tsáchilas"
759,"LA CONCORDIA",21,"Santo Domingo de los Tsáchilas"
760,"LA INDEPENDENCIA",21,"Santo Domingo de los Tsáchilas"
761,"LAS DELICIAS",21,"Santo Domingo de los Tsáchilas"
762,"LAS VILLEGAS",21,"Santo Domingo de los Tsáchilas"
763,"LUZ DE AMERICA",21,"Santo Domingo de los Tsáchilas"
764,MONTERREY,21,"Santo Domingo de los Tsáchilas"
765,"NUEVO ISRAEL",21,"Santo Domingo de los Tsáchilas"
766,"PUERTO LIMON",21,"Santo Domingo de los Tsáchilas"
767,"RÍO TOACHI",21,"Santo Domingo de los Tsáchilas"
768,"SAN JACINTO DEL BUA",21,"Santo Domingo de los Tsáchilas"
769,"SANTO DOMINGO",21,"Santo Domingo de los Tsáchilas"
770,"SANTO DOMINGO DE LOS COLORADOS",21,"Santo Domingo de los Tsáchilas"
771,"VALLE HERMOSO",21,"Santo Domingo de los Tsáchilas"
772,"7 DE JULIO",22,Sucumbíos
773,CASCALES,22,Sucumbíos
774,"EL ENO",22,Sucumbíos
775,"GENERAL FARFÁN",22,Sucumbíos
776,JAMBELÍ,22,Sucumbíos
777,"JIVINO VERDE",22,Sucumbíos
778,"LAGO AGRIO",22,Sucumbíos
779,"LOS RIOS (SUCUMBIOS)",22,Sucumbíos
780,LUMBAQUI,22,Sucumbíos
781,"NUEVA LOJA",22,Sucumbíos
782,PACAYACU,22,Sucumbíos
783,REVENTADOR,22,Sucumbíos
784,"SANTA CECILIA",22,Sucumbíos
785,SHUSHUFINDI,22,Sucumbíos
786,TARAPOA,22,Sucumbíos
787,AMBATILLO,23,Tungurahua
788,AMBATO,23,Tungurahua
789,"ATAHUALPA (CHISALATA)",23,Tungurahua
790,BANOS,23,Tungurahua
791,"BAÑOS DE AGUA SANTA",23,Tungurahua
792,"BETÍNEZ (PACHANLICA)",23,Tungurahua
793,CEVALLOS,23,Tungurahua
794,CUCHIBAMBA,23,Tungurahua
795,"HUACHI GRANDE",23,Tungurahua
796,HUAMBALO,23,Tungurahua
797,IZAMBA,23,Tungurahua
798,MOCHA,23,Tungurahua
799,MUNDUGLEO,23,Tungurahua
800,PATATE,23,Tungurahua
801,PELILEO,23,Tungurahua
802,PICAIGUA,23,Tungurahua
803,PILLARO,23,Tungurahua
804,PINLLO,23,Tungurahua
805,QUERO,23,Tungurahua
806,QUINCHICOTO,23,Tungurahua
807,QUISAPINCHA,23,Tungurahua
808,SALASACA,23,Tungurahua
809,"SAN PEDRO DE PELILEO",23,Tungurahua
810,"SANTA ROSA (AMBATO)",23,Tungurahua
811,"SANTIAGO DE PILARO",23,Tungurahua
812,TISALEO,23,Tungurahua
813,TOTORAS,23,Tungurahua
814,ULBA,23,Tungurahua
815,UNAMUNCHO,23,Tungurahua
816,"28 DE MAYO",24,"Zamora Chinchipe"
817,"CENTINELA DEL CONDOR",24,"Zamora Chinchipe"
818,CHAMICO,24,"Zamora Chinchipe"
819,CUMBARATZA,24,"Zamora Chinchipe"
820,"EL PANGUI",24,"Zamora Chinchipe"
821,GUADALUPE,24,"Zamora Chinchipe"
822,GUAYZIMI,24,"Zamora Chinchipe"
823,NAMIREZ,24,"Zamora Chinchipe"
824,PALANDA,24,"Zamora Chinchipe"
825,PAQUIZHA,24,"Zamora Chinchipe"
826,PIUNTZA,24,"Zamora Chinchipe"
827,TIMBARA,24,"Zamora Chinchipe"
828,YANTZAZA,24,"Zamora Chinchipe"
829,YANZATZA,24,"Zamora Chinchipe"
830,ZAMORA,24,"Zamora Chinchipe"
831,ZUMBA,24,"Zamora Chinchipe"
832,ZUMBI,24,"Zamora Chinchipe"
